	C8	I9	H2	I6	C2	D8	F9	B8	C3	E6	I8	C4	H5	F3	G4	C7	D5	B3	H9	F7	H3	F5	E8	F2	I1	G5	E5	J9	A2	B7	F4	G3	G1	D6	B2	F8	D7	F6	H4	G8	D2	B4	A9	J7	J6	H7	H6	C9	A8	A5	H8	H1	C6	J1	A7	J2	G7	C1	A6	F1	J3	J8	A1	J5	E2	B6	D1	E1	J4	A3	B5
C8	0.0	53.08873608745289	56.529445279079454	54.684439503238295	43.183710281652004	50.012927917214654	52.20907493360575	54.51167955521948	53.568176143906214	53.775462695934294	52.17818716610268	49.476912866993025	51.13862866050063	51.45198346589569	49.82658595568918	53.75571514696061	49.08438184951552	52.014065866678635	51.397883147110285	49.934447719730954	50.695613262460974	50.472587989983744	51.064066144840474	51.21933606143229	51.89625947685056	50.21673768806792	51.0328790030675	50.75766153395378	49.10538465277699	51.24130376244105	50.45964421272544	48.9290662656707	52.23682404932751	50.598190765790264	50.74496497919785	50.85556537364474	51.09189911170386	51.63536535771731	47.98123929136744	48.24345145203486	49.075846507985815	51.41128294419254	49.955031094753174	49.65233067403638	50.22935184568634	49.71897523532435	50.444432813737585	52.93665848097657	48.58124744593657	49.526188217261705	49.06471386089721	49.67662577631361	49.90336897930085	51.13241928042711	48.37271714706976	47.536160055236756	48.30835000499307	51.8081869032463	47.857609903696876	49.8409826589128	49.36304641105633	43.53057778154438	46.384643944843475	50.15544334293678	50.310195755637665	49.32600529954926	48.77942260090033	49.066127578387686	49.6360698808645	45.95795461710683	49.51962107284392
I9	53.08873608745289	0.0	59.16329348532413	48.478642485344444	49.66607239876801	50.94884241488116	50.38412858634108	48.06349514608429	52.483854088403824	50.93405087370026	45.01217840051527	46.17748737540865	47.796454890992926	52.86511058610345	49.446172240908275	51.96462683345381	47.88910484453432	50.932933128076186	50.985454965608774	48.16633664267088	47.88531104271193	51.30209596571397	47.52934073346895	53.30436304586802	47.69014407342602	47.199550672047216	48.15098655295258	48.08751376059934	51.900573970684015	48.793202255781154	51.11141702989237	50.73440067561758	51.05775187656455	48.636989703985144	51.587155699167184	50.723342442322235	51.55740631601134	53.27786801785228	47.07685157489909	47.48738619117423	48.46094895340073	50.54444358122353	52.050913787296466	47.09930485881703	47.0994463875654	48.12176891197023	49.31587870541634	54.173063107768165	48.54977431765569	49.44048435542639	48.90325400810603	47.86933965050617	48.9975387857217	49.277153899789205	48.763910787947715	45.3384526589515	45.403494854329814	50.7601739737088	48.70487001925163	49.938914999590764	46.9925413255261	42.90348658178251	46.60461437519174	48.02661370250462	49.42818835061958	49.087233714930456	47.81060788649799	47.956765351367274	47.09712336692205	46.80293936548481	50.07932040978297
H2	56.529445279079454	59.16329348532413	0.0	53.274809419815874	54.45158563133558	41.756934555765646	45.94536173246007	56.73314438410478	41.09060543380968	47.551508449584055	41.60347223489664	42.52657588921142	44.76405371981774	40.97006006182575	38.40729657690587	42.62801139834777	38.30216870040959	39.97185734681038	41.62797535880916	43.69050353132261	39.816659206321184	42.75645738657866	47.25347196090433	34.359416006228	37.38048138663233	37.99834938303835	39.95472812222905	39.875716733812204	30.274620023785037	39.30298735882296	35.52275160848026	30.777088929887192	35.16123398922641	40.91078288182061	35.455009091421644	42.54446673998385	36.23197029385763	38.103454414881405	37.408472719375986	37.54741599312619	30.570237927606787	40.72504785545536	37.04629904454981	43.93317100805232	43.7106429684301	41.2831529862559	41.721091061332764	35.305795631745674	40.58758129028547	38.41489554939194	39.587966565187685	37.383260125135834	40.212340529167435	35.866773808778824	38.69237903742067	40.4878100532994	42.34988621527204	36.47969690457019	39.69434188353844	38.23309596866376	41.787051817835625	44.028726263916454	37.156258743873494	43.762914153209714	34.089493803761094	38.183887467280755	38.0181961475333	35.131772690143855	40.77801610059207	37.33369158166027	39.28498117910428
I6	54.684439503238295	48.478642485344444	53.274809419815874	0.0	49.58961566306054	43.11560850139049	38.43699306619224	34.8479069590231	48.756772121543264	32.917728694775214	29.54985407057941	32.140810804709695	31.899117339000856	39.97339172294936	43.849360698311244	39.143775906255165	38.59418851656812	39.111693419805235	38.293768466619035	35.867091631670725	34.81197748343815	37.707040841684666	29.170505452136528	47.28708752762108	33.389568966597245	37.48041051093461	33.33503315212801	37.09395566927596	51.63816573372565	38.50122220979729	42.758352480098374	46.11319897212734	40.570554601174734	35.45219362127331	41.80157681068939	37.32872700966544	41.43574098586153	42.55282521631055	36.8820480533842	36.86218908064004	42.40305118491225	38.28749249415645	46.152742869786266	32.00514421260075	31.61953403108713	34.565583250818484	35.32693264292392	45.159114251208095	37.11234175248862	41.391921415229604	37.97828007377284	36.517446955277855	35.352834542231655	38.08332682059565	40.49729797054271	34.007669315196786	30.992391263120343	40.31820698724244	39.03881281176139	39.17136838174011	34.100991976679694	31.793952271209104	37.88402802202726	31.552997389429418	39.91927319031501	38.05901656574668	36.8312984699477	36.804081750201576	32.91626873767955	40.91188111184505	38.990570098379784
C2	43.183710281652004	49.66607239876801	54.45158563133558	49.58961566306054	0.0	45.16731364199259	43.32486198878465	48.863243124691095	48.973792114512285	46.96979732220164	46.832087081344724	45.56050544742991	45.34133008606526	45.432828914716474	46.299541202341814	47.07344156734608	43.845585462039004	46.566043902256816	46.32681674739877	44.01514462855457	45.58890516341341	44.94980446039311	45.66001407606403	45.878664703980675	46.12078811345552	45.23836655936369	45.86398450687416	43.63385291174438	46.65090827632091	45.570969157711524	45.45865371819305	46.80382216491397	46.38245275109096	43.12212264038885	46.35646524245319	44.01851907383478	45.18660268686649	46.58722810231679	43.55987606639016	43.14727479136351	48.01016111220414	45.5655764023981	46.22247210657019	44.64696155873478	44.551054359330706	45.66488971699574	44.96853013036003	47.70103476839725	42.5423095000168	44.11349756503801	45.47715482231773	44.606557566912734	45.3050943380892	45.55898846887994	43.801965422312605	43.462825505287874	43.704507281937914	46.04842049481569	43.177480469199374	43.95197344913438	44.17386913884601	37.85882280317704	40.83499076073979	44.09172724670296	45.361898872300635	44.22294654151273	42.93206334078887	44.01796122337036	44.99722427726767	41.706028923746146	44.906728825434406
D8	50.012927917214654	50.94884241488116	41.756934555765646	43.11560850139049	45.16731364199259	0.0	38.11828637723382	46.81286754505145	40.76864889443402	36.78088213719804	37.61040333548507	34.76134782426464	35.71057973274564	35.32895921719466	41.069592123753495	35.97514086411387	33.84342661390173	34.89318162839961	34.366912943565936	35.54177714615857	36.062127161689375	34.72496518872778	36.73670107055862	34.93766026662536	33.831540499188314	37.05445669474652	33.788280757853876	34.18389714500197	38.714762406555664	34.86883504372929	32.978888697139084	38.51909896210778	33.74165748285917	33.36781452969846	34.78574316873497	34.27976089080947	32.64372089468513	33.85304078079544	34.38751152753172	33.9322271374028	33.463838090767055	34.335598308744274	36.421968594551196	35.33122327222078	34.78704469463647	35.7935289144452	34.877389901667364	35.82458613039679	33.81876249724703	34.980561433183254	35.567169169909185	34.21983155881649	34.22732719532172	34.147884903009945	34.998853961056824	35.072305463637875	34.94365233790484	34.722135640318754	34.213418801688604	33.21660242629938	35.046504172185095	33.524684218306724	33.21724900381942	34.499019892555545	33.46135473282308	33.80199957643532	33.39023765851197	33.272026917469034	34.31106476793383	34.7198583433825	33.977641889306526
F9	52.20907493360575	50.38412858634108	45.94536173246007	38.43699306619224	43.32486198878465	38.11828637723382	0.0	39.23966783919704	39.1601046095509	31.77814444461683	31.72418939499765	33.44008622787029	30.26992323669568	30.483492829575322	39.49440219575082	31.41260979624712	28.332443550772016	31.440412662433463	30.282120074187826	26.970312674419528	30.304287253837778	27.004694644031833	31.017467370774988	31.603862593400766	31.636953383859293	34.71776189034653	30.881802192859183	31.637755553397437	41.892305117223785	29.11429561291799	30.693482891290714	39.86750068048785	31.22902749216658	26.747122788654508	32.78675261327318	26.44535556460895	30.582000507098126	29.939809482369093	29.804908868697748	29.570641433443136	35.28704951426714	29.557850093218356	33.39003736765985	29.250152025903112	28.953471852170132	30.798736162742866	29.63557465254873	31.52108453247938	26.648580262158795	30.06145337198552	31.82794335252058	29.903789853391803	29.325167515713055	29.795907439660763	29.78904630504591	30.31492718382976	29.046879692851064	29.832944593909616	28.65370663155446	27.755156833914192	29.066631793871764	28.28798392737584	27.64214594372021	27.681401721364054	31.01461723084136	29.199464424801533	27.96197543376969	30.217207201277596	30.209950301582488	30.655897290092632	30.141443897320922
B8	54.51167955521948	48.06349514608429	56.73314438410478	34.8479069590231	48.863243124691095	46.81286754505145	39.23966783919704	0.0	49.52866092803161	37.560456531530164	36.82159720907678	35.60006732131576	37.063744469088626	44.36078296319518	50.12082524912216	42.18571073506464	43.28309361207522	41.2317220319744	43.12752866989464	37.44034189711252	38.990856353619286	40.145314611723144	31.39033066390872	49.170605714741114	39.685698251631365	43.140955645804716	38.7954090256554	41.15183920638819	53.19053438729681	41.761018119865945	45.89827258951807	50.703783647956485	44.00299636851628	37.13118924473884	44.37629348624604	38.30568816994311	44.7420487593123	45.41893489339145	41.43998883177663	40.41082805420864	47.93171947321981	40.336229131717054	47.548848106346	36.386417384695186	35.04610597616633	39.5088935634069	39.73846733817167	47.1871498797527	38.16760569568408	44.09643219499737	42.00771507187491	40.167700816565585	39.815616959684625	41.428919954393464	42.705844641226975	38.93526043017174	34.91900701635732	41.983291931510145	41.89574677490116	40.912681376229	38.49990285265586	33.74308805622138	39.149181686862875	35.12323526544623	44.7605593745321	41.86150466133847	39.15354467319275	41.86131685487501	37.888359597949275	42.12457522885839	42.56925941909936
C3	53.568176143906214	52.483854088403824	41.09060543380968	48.756772121543264	48.973792114512285	40.76864889443402	39.1601046095509	49.52866092803161	0.0	41.138295543719394	37.090994247773835	35.883736528233875	36.98179992433798	33.43072707058603	34.428235105638095	31.85041280927907	30.115924513272684	30.60340795904584	29.958151014061446	34.13979285864128	31.211807091142656	32.14901508079144	41.51398725315253	29.68115868928642	34.11400197520733	36.2209650579595	34.91435743986827	31.443908638484924	31.535742732539674	29.0690679597492	29.128162987556994	33.47675634752434	31.707189074629387	31.955891753881993	29.660069656526574	31.062208226177447	28.79646432749688	29.51192897931899	30.764632692934118	31.546180505731854	32.2782727157142	30.475574027240153	27.99606487553811	34.555005525522546	33.67464831838242	32.79920526534007	32.02392748525387	27.31624223746295	29.16030782611717	25.70838199185491	32.43193633400556	30.253018330566448	31.159324407720128	28.717428855208947	27.065163180082944	33.65787404796218	35.431301806279436	27.524229842868426	28.150792461431784	29.606012245193757	32.15172893613269	36.84494960745775	28.39479355381104	34.61353994103223	27.549839953106115	29.16095704427529	29.40157004083104	28.84987951561606	33.989503791924356	26.984410228112385	29.87453255659922
E6	53.775462695934294	50.93405087370026	47.551508449584055	32.917728694775214	46.96979732220164	36.78088213719804	31.77814444461683	37.560456531530164	41.138295543719394	0.0	28.863605017021452	28.1998190912139	26.25542566724826	29.68785760809757	40.94303157482069	29.41893970984104	31.54473266358306	29.36938722985322	30.303631473709327	30.344482378663912	29.962419253655842	27.502437576368546	22.018037019652652	36.340445121821084	28.851424489227597	34.3965082105363	24.08446242443267	30.209826131338307	43.87840988579926	29.550225890969223	32.7609670611533	39.9874249735895	30.04502934646009	26.38709637892827	31.391016075151867	27.64391956454615	31.345860932087202	31.16375610788887	30.61192221244529	28.889952533674627	36.47182483224619	28.140382575702166	38.0242125174711	26.54003784900934	25.62189507339693	29.3074901360733	27.201133249243487	34.00955453188636	28.513285646935557	33.3387839703077	30.832187779119874	29.306456485700338	27.199950873084727	30.149302711857995	34.097898511681855	29.44871051446344	25.951069524830135	30.859970581296192	32.193914306704954	28.644170831143892	27.98424810549384	28.486791724873928	30.699376229560027	25.109207823579418	31.965608478700727	29.4040672437598	29.18869006606097	29.602536916247974	27.016802934290453	34.07261137183838	29.511160258812264
I8	52.17818716610268	45.01217840051527	41.60347223489664	29.54985407057941	46.832087081344724	37.61040333548507	31.72418939499765	36.82159720907678	37.090994247773835	28.863605017021452	0.0	22.758301887997714	21.92409465767576	31.57574787186	34.058096855065436	28.167121036958974	27.741244728219495	27.533226608205645	28.336102116885204	26.92352764161684	22.627845019131275	30.373055601582887	23.523181905545652	33.972453774766066	19.97927357133678	26.414980722828414	20.604621247113702	25.57441839638675	38.67818976109704	24.441668736830277	30.95397138279541	33.75445077887547	26.270094793606752	25.598864122379645	28.92629814961078	27.857730330252664	30.190768370577167	31.384542714109077	24.797633872651737	23.90388549006735	29.807184195061232	26.579739149389233	34.47390380787722	21.695610380789933	20.930792889382584	23.534732714923017	24.02932317801514	31.99784393325403	26.50699270326854	29.45572566470878	26.517565757767827	23.248970650041887	24.11426066105178	23.515697304394717	29.48022525075457	22.386120313737713	20.364916717512855	26.419899096594353	29.303212137580427	26.831559950190137	21.9762810382112	24.69611860206854	26.278415399519293	21.842999174058555	26.808380355029964	25.881898703494123	24.75183030767164	23.298318738675516	20.740407826678478	29.100482481802644	27.873474144339664
C4	49.476912866993025	46.17748737540865	42.52657588921142	32.140810804709695	45.56050544742991	34.76134782426464	33.44008622787029	35.60006732131576	35.883736528233875	28.1998190912139	22.758301887997714	0.0	23.136999516811255	30.870567477738593	34.712087011932624	26.563688217793164	27.45100448088712	23.32704067212091	27.32114918169322	26.29575719751072	24.101817101522435	27.700417611221162	22.554104843537164	33.34831087878817	22.987619854383084	28.96297054648447	21.28515128071	25.863917458881527	37.377024715355816	23.788129585954987	29.94769120163853	33.8175300262803	26.9498167779065	25.57736857560863	26.6745569050466	26.679730977368553	29.247398170821572	30.01787413438727	25.10507591012118	24.061214702797834	29.507340807860153	24.42530762582113	34.212658999774604	19.923336034866388	19.312057092189978	23.167687586670443	23.2811584123604	31.373493434453597	26.061606143416736	29.23762395961259	24.568361455248965	23.9807566227904	22.83170006110274	24.28364174811147	28.644657556656316	21.8027071133681	20.255040290932833	26.088989026976567	29.102280514578982	25.565857875579383	21.742010553390294	23.25979274751088	26.24490491375202	21.293077439914878	26.924347543788922	24.630048790528708	24.538009412916846	24.031609625213264	19.973184194597067	28.17540386445357	25.565631217484786
H5	51.13862866050063	47.796454890992926	44.76405371981774	31.899117339000856	45.34133008606526	35.71057973274564	30.26992323669568	37.063744469088626	36.98179992433798	26.25542566724826	21.92409465767576	23.136999516811255	0.0	25.893889794237122	36.02662591127214	24.112546446271033	25.542889284833986	21.75046604732057	21.30140768559926	24.571044294488473	20.33470257748947	25.048621894698254	21.315029695371454	31.667161673206312	23.61586563058053	28.968808100959404	18.430247626347985	25.492130861678923	41.1654631642838	20.990297242083205	27.807575483019207	35.44740633219921	24.162117881053184	21.94098436624292	25.138545012026466	23.398712124657273	26.985226913822878	26.67852771716508	20.271443998366344	21.493710158416857	29.29190808169027	21.119795946914603	32.56124386003451	17.810599167520333	17.588304277508836	17.296739721854777	17.458899161805185	29.591602979575843	22.977224878763316	26.137697597007158	21.094523525566302	20.181278198617736	19.44247333510043	22.21399194380245	25.89626320019256	20.772941895166923	16.368111981103386	24.233627559020974	25.7284284133399	22.461794968906133	17.983660698939158	23.487690549853024	24.858204492834343	16.256470811154593	24.592051693428814	21.0135133096791	21.864439784959643	21.99679620470879	18.110256875333356	27.236529429710114	21.613213963522288
F3	51.45198346589569	52.86511058610345	40.97006006182575	39.97339172294936	45.432828914716474	35.32895921719466	30.483492829575322	44.36078296319518	33.43072707058603	29.68785760809757	31.57574787186	30.870567477738593	25.893889794237122	0.0	35.93887393884132	22.841513687575922	22.398389194661487	21.31128020538244	20.88298037488334	26.06118497193035	22.328765676274077	20.204405831034936	30.44201109097055	24.781944268204438	27.718438286114022	33.2521223630525	25.37646607005593	27.243555636082803	37.50178994798283	22.486326343150218	20.724236551989335	33.95517398817672	24.124564433389775	21.298620862605386	21.760728944536922	18.513190270765836	19.945280654521806	16.529590490651415	22.092297910141284	22.693358128195158	27.01305556484489	19.12901064528313	24.0156807988542	24.616648488501095	24.587266135393126	21.328240558698663	20.578897086478854	21.387949127312375	20.020402303723102	20.047556342580098	21.9842017863185	21.63728178762189	19.405778877363634	23.105927254604175	21.081828971233694	25.09999972079212	24.422085990540445	21.9987700379872	19.129753930379064	18.627645597857907	22.12835813720913	28.532434330213512	21.968345809622708	22.68620669713872	22.69006808046672	18.20947381703304	20.384553762938552	21.766928998529046	24.54010095847031	23.135223077725424	17.56408935606439
G4	49.82658595568918	49.446172240908275	38.40729657690587	43.849360698311244	46.299541202341814	41.069592123753495	39.49440219575082	50.12082524912216	34.428235105638095	40.94303157482069	34.058096855065436	34.712087011932624	36.02662591127214	35.93887393884132	0.0	37.914677285146404	31.51161141630775	35.738657552874635	35.856926308022146	36.31637261972166	32.27189148944718	37.72915372519658	39.79019055197987	32.113107179320515	30.354563721363508	26.803610526138332	33.798764116429304	33.57532119492929	29.636479810342674	33.11135590474857	33.51424633846584	24.438120644857815	32.51983624948632	35.99687590754041	32.53676019617519	37.03549736215018	33.46434709819643	35.15728967237323	29.20746821929234	29.97671010230653	29.31961160537653	35.518415110002934	36.18558219975547	35.20776876294799	35.41051109934333	33.666516991874325	35.3270907026701	34.530715154044984	35.14962265244801	32.85892923276336	32.315205764770646	31.705095278918648	33.759822926644695	30.848555565337062	33.91128430284197	30.96454520243073	32.32605149591525	34.1698429989045	33.530475576300645	33.50635702918268	33.20604716446439	35.26224772510228	31.757285070681565	36.049173692285706	30.38168918359706	32.57071859932984	31.99225691235907	29.53507877505558	32.747347777459375	31.613498932108573	33.634251813878635
C7	53.75571514696061	51.96462683345381	42.62801139834777	39.143775906255165	47.07344156734608	35.97514086411387	31.41260979624712	42.18571073506464	31.85041280927907	29.41893970984104	28.167121036958974	26.563688217793164	24.112546446271033	22.841513687575922	37.914677285146404	0.0	19.63229440738538	17.041783306555864	20.468455255744864	27.551861080062153	19.25322863643291	22.96731253102624	27.566435153854467	24.748049862688692	24.339252220517466	31.997251878197655	22.055443145599845	23.27125140929892	37.23183448454519	18.376591992385087	20.168627530634843	33.13964389060778	19.356378238019435	17.44645781437004	19.249168537737926	17.060267624976557	19.341366916720013	18.532701471572715	20.24029108637849	20.380997045614965	26.426326519044764	14.593244882751952	23.294055533670623	18.991697947336423	17.88188291852432	18.902763739990103	16.745746005938276	18.300020587442667	18.939213918989743	19.67397615459648	20.360084738856642	18.78320601873928	14.804735049548743	18.515291893222987	19.888640665399965	21.23566517224452	21.36401497887844	15.235060690803529	20.45988102930932	16.833892233619114	16.821516329262632	26.23586415992719	20.616805240715617	17.09976354302779	19.849829069281288	16.09468462120239	17.788949474052075	19.18603602898244	19.875899150377805	21.862586204833317	16.962141143618542
D5	49.08438184951552	47.88910484453432	38.30216870040959	38.59418851656812	43.845585462039004	33.84342661390173	28.332443550772016	43.28309361207522	30.115924513272684	31.54473266358306	27.741244728219495	27.45100448088712	25.542889284833986	22.398389194661487	31.51161141630775	19.63229440738538	0.0	20.428530124429233	19.996389720597207	25.284140479250514	18.566600781954495	22.489835957461064	29.3623560335707	21.584795327725462	22.70853617294471	28.8468003011375	22.346301089272984	22.20801548565102	31.769137652946345	18.853900613041628	18.35524122933727	28.84092557525889	19.654201221171885	20.188091485890133	19.351697770965224	20.562935180401293	18.57493944103735	18.485126260141854	17.531052660637247	18.54971532090033	19.899606293210063	18.32769647658678	21.50317600585123	21.15158572533751	20.3708394355712	18.861141330149998	19.786243724621325	19.160847819356114	19.415841998986103	18.721684479241382	19.0127607594733	17.882257997713793	16.83051888553375	17.778931419704545	17.68902273465727	20.12031839018283	21.52137707407724	17.69173234085709	17.878120043700946	17.135655058801934	18.268591281917544	25.313219318796605	17.467362719430163	20.24114104718098	17.20091118193499	16.17192475725057	16.827879360510902	16.354489909933488	20.2165597564435	18.554420116934608	16.700160990894865
B3	52.014065866678635	50.932933128076186	39.97185734681038	39.111693419805235	46.566043902256816	34.89318162839961	31.440412662433463	41.2317220319744	30.60340795904584	29.36938722985322	27.533226608205645	23.32704067212091	21.75046604732057	21.31128020538244	35.738657552874635	17.041783306555864	20.428530124429233	0.0	18.20586524774356	25.34776699851977	17.54914246369675	21.217170071518805	26.66200952568907	23.193733539824553	24.247704013914536	29.9254992308035	19.702964863594357	22.910848075490005	35.1142343021454	14.811484397735274	19.47243160105919	32.39862989927562	19.82204248824478	17.019140267648442	16.523044642370962	18.404607468139506	18.13921757948144	17.67550812589229	19.42112986832626	19.13495861586814	23.414963684722906	11.78804355483323	23.714703774429587	17.888634309987324	17.603129638603384	17.490813105399575	15.600348194387601	19.96110092354947	18.379883048883624	19.047128072742538	18.162607531255677	17.052770580751826	16.385810357818766	17.98800754505259	18.45625038340035	21.287123165521454	20.074250802677515	15.532860156455348	20.12940420656732	15.14032954292208	17.37268108127643	25.149438903343725	19.071585431182697	17.41495398709646	18.786767067440422	13.87994487187786	15.980354864280493	17.390185402641812	18.80051737560145	20.29874278481059	14.063158939433636
H9	51.397883147110285	50.985454965608774	41.62797535880916	38.293768466619035	46.32681674739877	34.366912943565936	30.282120074187826	43.12752866989464	29.958151014061446	30.303631473709327	28.336102116885204	27.32114918169322	21.30140768559926	20.88298037488334	35.856926308022146	20.468455255744864	19.996389720597207	18.20586524774356	0.0	24.841627745299714	20.798933454657746	21.425168554284017	27.883994708258232	24.19488921194004	26.162528318420403	31.741771852541174	22.89708787210531	26.053286676959946	38.2106972984861	16.9956342415159	20.956266602794827	33.46729160994707	24.02093886503953	19.628678337250637	19.597568576266625	19.134701071549514	18.430566641842393	17.63939600392467	19.31682252327592	21.37791793224499	24.078644497763392	15.973562824748656	23.41491193325591	21.128958632369173	21.01295831067693	17.50514714294691	16.727938550955773	21.507785973870885	17.201990591534713	16.64166302269086	19.553873987060733	19.23230311133059	16.369609793568287	21.161139355982897	17.49085061067163	22.947794654205435	22.318091453408016	19.688769263954036	17.954500818280575	18.03642052176366	19.234744524064183	26.66277072242062	21.233005934498756	19.131625659720438	18.941662194907003	15.135932027050053	18.748652845590115	19.60152011348791	21.819040789251382	21.446792421983936	14.897613227311556
F7	49.934447719730954	48.16633664267088	43.69050353132261	35.867091631670725	44.01514462855457	35.54177714615857	26.970312674419528	37.44034189711252	34.13979285864128	30.344482378663912	26.92352764161684	26.29575719751072	24.571044294488473	26.06118497193035	36.31637261972166	27.551861080062153	25.284140479250514	25.34776699851977	24.841627745299714	0.0	25.72282328926079	25.298644681871412	26.61594963118373	29.19058338740981	27.331338223093	31.63868993368632	25.984549192121285	25.352956957760647	39.47077723192518	24.07871691865618	26.218815867063128	36.61114576988718	27.519564563811013	23.723547785893093	28.016801357205047	22.393817174996432	26.5211903542962	25.16096166612282	24.874020137713828	26.03778215964412	31.45707907184346	24.071472105811203	29.911566784272907	21.602885058144768	21.533728174871335	23.77453036480315	22.93541833773046	27.649503619503424	22.780825796038805	26.88398649156889	24.851017691388105	24.658085271187833	23.103992161175636	25.32013465961883	25.25449339149948	24.037029475236327	23.52540195414231	25.85613269411857	24.93459075310437	23.52597477239791	23.62869882550128	25.06093996315591	24.61479973500991	22.43352060279995	26.255348040647213	23.305205590803702	23.408692196146138	24.828939795248107	23.605112991081665	25.819168127868753	23.56624119496804
H3	50.695613262460974	47.88531104271193	39.816659206321184	34.81197748343815	45.58890516341341	36.062127161689375	30.304287253837778	38.990856353619286	31.211807091142656	29.962419253655842	22.627845019131275	24.101817101522435	20.33470257748947	22.328765676274077	32.27189148944718	19.25322863643291	18.566600781954495	17.54914246369675	20.798933454657746	25.72282328926079	0.0	23.982320701297507	25.90264445922742	25.711707417113246	20.229349277339768	26.878179922790903	19.52663025371307	22.038822111335353	35.04140221256083	15.157241071164	21.678735526549968	30.616477742345825	19.850162153600284	18.60227698774969	18.006320590441675	19.724405105120557	19.86954495719078	21.37536092797845	15.456070151365354	16.221235580455353	23.569930560027892	15.142234942208358	24.71874654686987	16.075407377999916	15.733250478077373	13.083589299872484	14.835556638609603	22.135433435355175	18.114432725060205	20.352480457744228	15.71775279847644	13.024854974853014	14.658462875562066	14.93132458364024	18.579430042086177	15.748002558150814	15.57758077986799	16.02650471352192	19.224391383924885	16.245088822651052	12.240248858327522	22.655102092246757	17.406321146091216	15.129676020986807	18.11373430988331	14.11288659296053	14.060732348789992	14.756702071835383	14.184397223610288	19.045096692425307	15.891354306717474
F5	50.472587989983744	51.30209596571397	42.75645738657866	37.707040841684666	44.94980446039311	34.72496518872778	27.004694644031833	40.145314611723144	32.14901508079144	27.502437576368546	30.373055601582887	27.700417611221162	25.048621894698254	20.204405831034936	37.72915372519658	22.96731253102624	22.489835957461064	21.217170071518805	21.425168554284017	25.298644681871412	23.982320701297507	0.0	28.604729186387065	26.29603414976203	28.167402508170053	33.03510438701709	24.77770710095817	27.46809122888351	37.99314193044911	22.68997031035963	21.376225630166445	36.53974272552614	25.244172602213652	20.109598699309124	24.476351495956035	17.38343049436403	22.5368865519963	18.852190606007166	23.670394674067822	23.377928849026347	28.266111851350942	19.66926813973662	24.5227036328162	24.366577615392437	24.23343561807543	22.907081575352848	21.260708258286254	23.101435693077292	17.281932688193585	19.707615321727694	23.99521817099445	22.844073798175746	20.457092966270952	24.232138815263195	21.04326584950593	26.506867408807537	23.84085328325807	22.091565129553807	18.75133047299022	19.865523943337354	22.921038065613875	26.606731198440293	21.453200733020825	21.839404423511116	24.39585044880153	19.45905018915062	20.988576513349976	23.0051413072421	25.50428928125796	23.156717345477727	19.251620560698175
E8	51.064066144840474	47.52934073346895	47.25347196090433	29.170505452136528	45.66001407606403	36.73670107055862	31.017467370774988	31.39033066390872	41.51398725315253	22.018037019652652	23.523181905545652	22.554104843537164	21.315029695371454	30.44201109097055	39.79019055197987	27.566435153854467	29.3623560335707	26.66200952568907	27.883994708258232	26.61594963118373	25.90264445922742	28.604729186387065	0.0	36.861954555199205	25.632926066710045	32.43097603596902	20.729676787655524	28.725923193008967	44.43625398249958	26.51310658814639	33.40535952234021	39.634865547129785	28.64655469193463	24.275137860018106	29.72278887474381	26.043608907637356	31.84634891947149	31.214781156970023	27.271078765926593	26.326231840245864	34.943717590891616	25.706372361392688	37.67782776062747	20.996062951891734	19.371183438595992	23.95956159688452	23.384958791808394	34.607251427435834	26.420176146871206	32.035285485286195	26.869053209501164	25.935560905531865	24.08948485939311	28.249060144058923	31.75403335743058	24.509308015178966	19.39171385815673	29.13934947468769	30.98829443408963	26.60158332204364	22.93112284215328	24.44600117366539	28.965792324996748	19.613905896634698	30.888939764293898	27.140070955778878	26.82051788489561	27.63924455175652	21.55334744863984	32.07247621807176	27.274436978178006
F2	51.21933606143229	53.30436304586802	34.359416006228	47.28708752762108	45.878664703980675	34.93766026662536	31.603862593400766	49.170605714741114	29.68115868928642	36.340445121821084	33.972453774766066	33.34831087878817	31.667161673206312	24.781944268204438	32.113107179320515	24.748049862688692	21.584795327725462	23.193733539824553	24.19488921194004	29.19058338740981	25.711707417113246	26.29603414976203	36.861954555199205	0.0	28.40408336085575	31.45484212523485	29.20406569802481	27.18480568794552	28.89236801996041	22.799820896112045	16.81847295083165	28.70408669321904	21.76230751585697	24.552295957126663	20.447413108682458	23.881654881460797	18.73891776817932	17.53564277557968	22.979442435892015	23.59207917571365	21.63154019384155	22.726418114982934	20.28312321983002	28.975843864967434	29.554832189068232	26.860677122115366	25.75553555111214	15.51150941723518	22.728076841370193	20.17702093318314	24.932062437416572	23.197937432908034	24.208262543141362	22.104356720256668	20.814598322427358	27.43944769838334	29.443932915354797	19.93535244917771	21.463033356757958	19.628298988019218	26.300399699515392	31.887351918949058	21.121006255923295	28.641215363295917	18.68207716898194	20.093990635535985	21.310261904135093	20.87226541941734	27.838443005720727	20.885226122382694	21.2005485773513
I1	51.89625947685056	47.69014407342602	37.38048138663233	33.389568966597245	46.12078811345552	33.831540499188314	31.636953383859293	39.685698251631365	34.11400197520733	28.851424489227597	19.97927357133678	22.987619854383084	23.61586563058053	27.718438286114022	30.354563721363508	24.339252220517466	22.70853617294471	24.247704013914536	26.162528318420403	27.331338223093	20.229349277339768	28.167402508170053	25.632926066710045	28.40408336085575	0.0	24.35150126652809	19.312859495238996	19.516304784649797	33.6835713606775	22.194508097849067	25.794452211001403	27.776451567237128	21.407008027083293	22.454596294618995	23.655964367483012	26.199269801315175	25.180211961684883	27.34602172324282	20.527270642393695	20.325876603333835	24.969677019519764	23.690425370313115	31.112933688757796	20.273714518072182	20.101105324715494	22.11200517447266	22.74740625775296	27.34932224127345	24.704826421902187	25.977146626705892	23.384863162183557	19.867262782073347	20.396322645830832	17.9606286854895	26.353671197428817	19.582819363123082	20.09585261056091	21.740455894031633	26.281690249535803	23.123601793649158	19.045057057193514	24.715793146211208	22.86188054136214	20.274065196261184	20.380224156319194	21.91733507822666	20.51636245150218	18.110930983894466	16.883951041834223	25.682228725532262	24.25750658482816
G5	50.21673768806792	47.199550672047216	37.99834938303835	37.48041051093461	45.23836655936369	37.05445669474652	34.71776189034653	43.140955645804716	36.2209650579595	34.3965082105363	26.414980722828414	28.96297054648447	28.968808100959404	33.2521223630525	26.803610526138332	31.997251878197655	28.8468003011375	29.9254992308035	31.741771852541174	31.63868993368632	26.878179922790903	33.03510438701709	32.43097603596902	31.45484212523485	24.35150126652809	0.0	27.15692595624622	28.534826632835177	34.1082536702809	27.81933278399684	30.31958058785905	24.391580741242564	25.84246748404362	29.862430021765203	30.22218849780123	31.630347161682778	30.480089451363522	32.38218798600141	23.22496375991853	22.63359458904459	27.86528647221893	30.34202922159276	33.54841625144087	28.056592223663635	29.39122015745314	28.134134707726343	29.082182722535126	32.00282542225973	29.4783193946336	30.722727666763745	26.713221618662352	25.50359999359753	28.307266168410063	26.46851302933513	30.1491942869182	24.725805188420907	23.734493042997943	27.84143116143358	30.13732755347307	28.233361837889202	27.807424826759092	28.41703564636532	25.95437375657224	29.03175284298347	25.808521847767388	27.998452627031728	25.866078463607195	23.992069376077314	26.018176808451937	28.24840032369271	29.324775679361206
E5	51.0328790030675	48.15098655295258	39.95472812222905	33.33503315212801	45.86398450687416	33.788280757853876	30.881802192859183	38.7954090256554	34.91435743986827	24.08446242443267	20.604621247113702	21.28515128071	18.430247626347985	25.37646607005593	33.798764116429304	22.055443145599845	22.346301089272984	19.702964863594357	22.89708787210531	25.984549192121285	19.52663025371307	24.77770710095817	20.729676787655524	29.20406569802481	19.312859495238996	27.15692595624622	0.0	20.673208275931696	35.97852836178322	20.278962030310947	24.446712708407556	31.74208278812046	18.66626035359209	20.44777733424151	22.211194593682432	23.297923443116648	23.850561537106113	23.865552675498844	19.92987127636815	19.13054072248501	25.95086761453616	19.57064403405755	30.904545564182346	16.336361833065087	15.602177686389968	18.719612613963147	17.769307191422634	26.138749009961362	23.205357679279007	25.686395243136392	20.305821303422164	19.137978671673284	16.901189981271184	18.979675535412692	26.016722203006637	19.051482004460087	16.870861415742237	21.441192378967855	25.49070779995028	20.855747900508472	16.340165370923547	23.287767524453493	23.60781948909514	15.764749049685618	20.828511842618067	19.470836662578794	20.442999471668212	17.83356264172392	14.802655219543404	26.18661491729762	20.690583371661116
J9	50.75766153395378	48.08751376059934	39.875716733812204	37.09395566927596	43.63385291174438	34.18389714500197	31.637755553397437	41.15183920638819	31.443908638484924	30.209826131338307	25.57441839638675	25.863917458881527	25.492130861678923	27.243555636082803	33.57532119492929	23.27125140929892	22.20801548565102	22.910848075490005	26.053286676959946	25.352956957760647	22.038822111335353	27.46809122888351	28.725923193008967	27.18480568794552	19.516304784649797	28.534826632835177	20.673208275931696	0.0	32.718748696929474	23.293786051343602	24.382915468785335	30.636982982515118	20.72504913030319	20.847534082933436	23.688331666291912	24.004769472504453	23.34047568749335	25.47970821767917	20.369765167242857	20.85582935875886	26.78543286028708	22.717329958034757	27.432929892824202	19.29425873223164	19.533378449337974	21.83874559836633	20.542044473634036	24.400392244278507	23.18533519872527	24.758040885059234	21.21320432206932	19.12345717722294	20.48715770536088	16.470444355818106	23.929047458852157	19.351870860734827	22.074388551015808	19.691502474576676	24.913539312894734	22.032258236582095	18.928847404888593	24.31790558227901	20.61992288553109	20.013594491408295	19.791159280170096	20.376786578509954	19.028443054123688	18.12200650663626	18.02294221186105	22.791744736112424	22.772094743710735
A2	49.10538465277699	51.900573970684015	30.274620023785037	51.63816573372565	46.65090827632091	38.714762406555664	41.892305117223785	53.19053438729681	31.535742732539674	43.87840988579926	38.67818976109704	37.377024715355816	41.1654631642838	37.50178994798283	29.636479810342674	37.23183448454519	31.769137652946345	35.1142343021454	38.2106972984861	39.47077723192518	35.04140221256083	37.99314193044911	44.43625398249958	28.89236801996041	33.6835713606775	34.1082536702809	35.97852836178322	32.718748696929474	0.0	34.25446166248291	29.944879375771116	22.738510084584814	30.66536343984878	35.69358617272902	30.212883848432575	37.767191823465424	31.019175440619208	33.47816284965879	32.02781769119538	31.721267890358543	26.404937109633313	35.93737736319271	28.9548463941543	38.26602473302567	37.97623501793889	36.95400861264831	36.60716214069899	29.156967563314083	34.465090769968526	30.98727281432131	34.56845618641473	32.36477896819749	35.52361994210325	30.591430598467085	32.144102887656025	34.435815053841075	37.441605250007825	31.289454052107917	32.92683388648468	33.285725169187806	35.541744417464315	37.12949073684403	28.744922231287187	38.85384844501477	28.9110278930335	32.65835479983066	32.16709508808141	29.292094476875658	35.614276257063146	27.61008068426478	33.85553971903668
B7	51.24130376244105	48.793202255781154	39.30298735882296	38.50122220979729	45.570969157711524	34.86883504372929	29.11429561291799	41.761018119865945	29.0690679597492	29.550225890969223	24.441668736830277	23.788129585954987	20.990297242083205	22.486326343150218	33.11135590474857	18.376591992385087	18.853900613041628	14.811484397735274	16.9956342415159	24.07871691865618	15.157241071164	22.68997031035963	26.51310658814639	22.799820896112045	22.194508097849067	27.81933278399684	20.278962030310947	23.293786051343602	34.25446166248291	0.0	19.193940293841962	29.715770952042657	19.135342380463474	17.612169226822928	16.01463000326143	18.87663997277604	18.394320606889842	19.58468263328125	16.85680968183124	17.153123150178967	22.537617611892955	13.008871810741127	23.466426178222225	17.665269118354384	17.514847365870043	16.119573963829954	15.050372395389681	19.945099065219846	16.62414185144835	16.730987769212508	18.11984105134508	15.400473660580852	16.11407355558005	16.15020302558092	17.121558495958226	18.837255571086853	18.372831162065406	15.391670221691793	18.171257529481245	14.622474218466364	14.893836061830081	23.990460774756322	17.936875907057082	16.55110437296351	16.766710869788664	12.095939950722784	14.895905305275774	16.16959335835322	17.33203272105924	18.54468044917749	13.578265853031104
F4	50.45964421272544	51.11141702989237	35.52275160848026	42.758352480098374	45.45865371819305	32.978888697139084	30.693482891290714	45.89827258951807	29.128162987556994	32.7609670611533	30.95397138279541	29.94769120163853	27.807575483019207	20.724236551989335	33.51424633846584	20.168627530634843	18.35524122933727	19.47243160105919	20.956266602794827	26.218815867063128	21.678735526549968	21.376225630166445	33.40535952234021	16.81847295083165	25.794452211001403	30.31958058785905	24.446712708407556	24.382915468785335	29.944879375771116	19.193940293841962	0.0	29.169044237548864	18.932505864424883	20.749434651013846	19.142521939920307	18.488621075412734	14.841156086480094	12.92160485679885	19.297482479220122	20.685198753350672	19.95131477714163	17.872471576165854	16.76298161524042	23.936544823560386	24.574854506751137	21.431986627685298	20.31579016140491	12.92054692071957	18.00495544924351	16.641881216600016	20.48970579464981	19.01748551134685	19.15711858724963	18.46177591171678	16.949120202991356	23.652362693397176	24.947841245638436	17.24393690817031	16.43252557748762	15.67969598649277	21.385751379686393	27.86843814993492	18.417360326697626	23.111605591068408	15.081054003896126	14.942360665370254	17.150056698809163	16.780662444300944	23.585927145547824	16.779560826675304	15.637818731144364
G3	48.9290662656707	50.73440067561758	30.777088929887192	46.11319897212734	46.80382216491397	38.51909896210778	39.86750068048785	50.703783647956485	33.47675634752434	39.9874249735895	33.75445077887547	33.8175300262803	35.44740633219921	33.95517398817672	24.438120644857815	33.13964389060778	28.84092557525889	32.39862989927562	33.46729160994707	36.61114576988718	30.616477742345825	36.53974272552614	39.634865547129785	28.70408669321904	27.776451567237128	24.391580741242564	31.74208278812046	30.636982982515118	22.738510084584814	29.715770952042657	29.169044237548864	0.0	26.314130989000283	32.558376789796945	27.18247137380241	35.332523007236645	29.158195917708774	31.816976811428933	24.57425530249917	25.484570595778983	23.485919197353258	32.15782515681678	30.109434036528302	33.50169860717026	33.90662182322413	31.2761693496276	31.977217828801432	29.055509116348567	32.332537190792884	29.377256431183188	28.81340861449739	27.45153177976978	30.9825560815779	26.851509956969334	30.218216577699952	28.456872132737267	30.71374963342143	28.125510980895942	30.706275605443523	29.535056258212915	30.94804161976212	33.569013566534515	26.96274507795018	34.09330819206549	24.763817162659283	28.85119432359055	27.995342143456543	24.960662545977858	30.456610956868918	26.394077121628744	29.657586015810246
G1	52.23682404932751	51.05775187656455	35.16123398922641	40.570554601174734	46.38245275109096	33.74165748285917	31.22902749216658	44.00299636851628	31.707189074629387	30.04502934646009	26.270094793606752	26.9498167779065	24.162117881053184	24.124564433389775	32.51983624948632	19.356378238019435	19.654201221171885	19.82204248824478	24.02093886503953	27.519564563811013	19.850162153600284	25.244172602213652	28.64655469193463	21.76230751585697	21.407008027083293	25.84246748404362	18.66626035359209	20.72504913030319	30.66536343984878	19.135342380463474	18.932505864424883	26.314130989000283	0.0	19.492439919052536	19.131157192165382	20.41520912292499	18.931356008418067	19.217180468722404	16.958540293826378	14.979357407048322	22.851586258522186	19.046956752967976	24.760143952073996	21.41666629386116	21.332208129777406	20.071914824476252	17.668264774366424	18.769425373133533	21.670663286386716	22.450084985958934	19.35501674621959	15.974203462336547	18.548678793062393	16.217249035602844	21.975479539984217	20.603954672890417	19.778695545412376	16.24303988032421	22.909275872442453	15.536928982699662	19.622192828183003	26.769930966003717	20.18612104276691	21.022499917486606	16.80980935752395	16.873755178161865	16.422582338168425	15.829373478064623	19.95883879202691	21.01446880380882	18.20384772547032
D6	50.598190765790264	48.636989703985144	40.91078288182061	35.45219362127331	43.12212264038885	33.36781452969846	26.747122788654508	37.13118924473884	31.955891753881993	26.38709637892827	25.598864122379645	25.57736857560863	21.94098436624292	21.298620862605386	35.99687590754041	17.44645781437004	20.188091485890133	17.019140267648442	19.628678337250637	23.723547785893093	18.60227698774969	20.109598699309124	24.275137860018106	24.552295957126663	22.454596294618995	29.862430021765203	20.44777733424151	20.847534082933436	35.69358617272902	17.612169226822928	20.749434651013846	32.558376789796945	19.492439919052536	0.0	19.193479368223336	15.855416055944358	16.336712492097647	19.10374772480168	19.076445717799714	17.540508392441904	26.27476775440368	13.803604688910271	24.345288234635017	18.88040984952043	18.33193250791016	18.73577410002373	16.12966542395786	21.333380570752833	15.448012277387393	19.13602563887406	20.439860881616493	16.72460073604099	17.87370167586752	16.658858895991013	19.53521205306212	20.687137387859668	19.24703204641206	16.273011109823337	18.52240610297101	15.715014867734421	17.149726111451876	22.156304190608108	15.805559119438689	15.76919715778637	19.03564585751204	15.043907758000818	13.865586891506592	18.057864627048524	19.87173529872477	19.434080655094483	16.795060209486646
B2	50.74496497919785	51.587155699167184	35.455009091421644	41.80157681068939	46.35646524245319	34.78574316873497	32.78675261327318	44.37629348624604	29.660069656526574	31.391016075151867	28.92629814961078	26.6745569050466	25.138545012026466	21.760728944536922	32.53676019617519	19.249168537737926	19.351697770965224	16.523044642370962	19.597568576266625	28.016801357205047	18.006320590441675	24.476351495956035	29.72278887474381	20.447413108682458	23.655964367483012	30.22218849780123	22.211194593682432	23.688331666291912	30.212883848432575	16.01463000326143	19.142521939920307	27.18247137380241	19.131157192165382	19.193479368223336	0.0	21.001957362038755	15.63388673249371	17.61122428215011	17.352832335444965	16.86946845016326	19.56567206779548	13.284381089893962	21.459901889060216	21.415834253143448	20.627089568310314	17.630295445854344	17.41732303008653	17.490210270908545	18.471376717546875	18.401647114055617	17.661157870282018	15.480098672090156	16.76148388087696	15.245890975798027	18.444244215591358	20.102085384882894	21.475721819426372	15.265878982362452	19.1910043526428	13.927141911088354	17.89460351972022	27.18587281119107	17.77836984203823	20.041986569783496	16.243991064528913	13.042910378485754	14.18668892108818	15.564113418258835	19.53116113200773	17.669578255571555	12.90295305363483
F8	50.85556537364474	50.723342442322235	42.54446673998385	37.32872700966544	44.01851907383478	34.27976089080947	26.44535556460895	38.30568816994311	31.062208226177447	27.64391956454615	27.857730330252664	26.679730977368553	23.398712124657273	18.513190270765836	37.03549736215018	17.060267624976557	20.562935180401293	18.404607468139506	19.134701071549514	22.393817174996432	19.724405105120557	17.38343049436403	26.043608907637356	23.881654881460797	26.199269801315175	31.630347161682778	23.297923443116648	24.004769472504453	37.767191823465424	18.87663997277604	18.488621075412734	35.332523007236645	20.41520912292499	15.855416055944358	21.001957362038755	0.0	17.608331004806903	13.952346114107781	20.603469271884105	18.879720218102893	28.009034493915507	14.185252891012665	21.287435523514727	20.18792784682656	19.307193608308808	18.824403418699845	15.640709608704602	19.079649287741386	12.761570939806315	17.996500952119387	20.447071968987338	18.122185162604783	16.76145620872032	19.753857754203217	17.353981588720373	22.316745316108282	20.18696885867214	17.873980518372523	15.652172429157972	12.610171233268243	18.612387325932566	23.793826786760054	18.091178723656203	17.67599257093316	20.69575186749276	15.04083281784511	15.007716457124141	19.17954583507537	21.714664077388885	19.08825467871813	15.120548396221837
D7	51.09189911170386	51.55740631601134	36.23197029385763	41.43574098586153	45.18660268686649	32.64372089468513	30.582000507098126	44.7420487593123	28.79646432749688	31.345860932087202	30.190768370577167	29.247398170821572	26.985226913822878	19.945280654521806	33.46434709819643	19.341366916720013	18.57493944103735	18.13921757948144	18.430566641842393	26.5211903542962	19.86954495719078	22.5368865519963	31.84634891947149	18.73891776817932	25.180211961684883	30.480089451363522	23.850561537106113	23.34047568749335	31.019175440619208	18.394320606889842	14.841156086480094	29.158195917708774	18.931356008418067	16.336712492097647	15.63388673249371	17.608331004806903	0.0	13.512785925906641	19.580239551515398	19.04225251277612	20.10168552963445	14.332585548785188	17.474760774122903	23.517275221536625	23.58075743693803	20.472463893963063	18.92892019235644	14.141742964602033	16.688805544134624	15.503970840250066	20.405728683040106	17.8128642173914	18.056930275578313	16.508050971106677	16.19221684368333	23.213280919514276	24.262033671817335	15.89632370481143	16.095397315795456	14.417245626495173	20.873253958083854	27.119676523183838	16.59398165119323	21.73925236555118	15.462929625249739	13.523616421039618	13.965224027395575	16.057819705851593	22.852299950101877	16.895518564610853	13.895921264868257
F6	51.63536535771731	53.27786801785228	38.103454414881405	42.55282521631055	46.58722810231679	33.85304078079544	29.939809482369093	45.41893489339145	29.51192897931899	31.16375610788887	31.384542714109077	30.01787413438727	26.67852771716508	16.529590490651415	35.15728967237323	18.532701471572715	18.485126260141854	17.67550812589229	17.63939600392467	25.16096166612282	21.37536092797845	18.852190606007166	31.214781156970023	17.53564277557968	27.34602172324282	32.38218798600141	23.865552675498844	25.47970821767917	33.47816284965879	19.58468263328125	12.92160485679885	31.816976811428933	19.217180468722404	19.10374772480168	17.61122428215011	13.952346114107781	13.512785925906641	0.0	19.888380015788684	19.887688299196693	22.23418189494653	15.052752132619897	16.786962583900042	23.361499658148286	23.219813578664358	19.922003121786993	18.07039324682055	12.8601564812877	16.19019907817924	15.726730484154427	19.453286461223477	18.551234620014284	17.117522898120416	19.351923479421462	16.252771107367206	23.84501080900195	24.008928962707564	17.09618846073302	14.595134385288796	13.22986355856741	20.588098831615337	28.25871999946481	18.529499865743432	21.73235568402128	16.58345202657964	13.432989831498956	16.378569625199784	17.4314311711169	23.468989415623017	18.094135715610513	12.694326776475647
H4	47.98123929136744	47.07685157489909	37.408472719375986	36.8820480533842	43.55987606639016	34.38751152753172	29.804908868697748	41.43998883177663	30.764632692934118	30.61192221244529	24.797633872651737	25.10507591012118	20.271443998366344	22.092297910141284	29.20746821929234	20.24029108637849	17.531052660637247	19.42112986832626	19.31682252327592	24.874020137713828	15.456070151365354	23.670394674067822	27.271078765926593	22.979442435892015	20.527270642393695	23.22496375991853	19.92987127636815	20.369765167242857	32.02781769119538	16.85680968183124	19.297482479220122	24.57425530249917	16.958540293826378	19.076445717799714	17.352832335444965	20.603469271884105	19.580239551515398	19.888380015788684	0.0	11.670903921887964	20.02646289465056	17.172273168939526	22.99383745127249	17.083086271269732	18.187578674769806	12.506569176701813	14.117570118855458	20.473744101372006	17.772442124951755	18.86847257766178	11.73077798366506	11.849715605833794	14.808172017727246	14.872870095396403	17.639718340559728	13.245445716308394	14.274729287231306	15.42588166000253	17.62520231153178	15.35945861368066	13.657276317654777	22.307316688881848	15.595314223344365	16.92766762811989	14.661453880820554	13.313963754347373	13.012840506569052	12.987851173450625	15.318474810798621	16.09066719811926	13.762015867049406
G8	48.24345145203486	47.48738619117423	37.54741599312619	36.86218908064004	43.14727479136351	33.9322271374028	29.570641433443136	40.41082805420864	31.546180505731854	28.889952533674627	23.90388549006735	24.061214702797834	21.493710158416857	22.693358128195158	29.97671010230653	20.380997045614965	18.54971532090033	19.13495861586814	21.37791793224499	26.03778215964412	16.221235580455353	23.377928849026347	26.326231840245864	23.59207917571365	20.325876603333835	22.63359458904459	19.13054072248501	20.85582935875886	31.721267890358543	17.153123150178967	20.685198753350672	25.484570595778983	14.979357407048322	17.540508392441904	16.86946845016326	18.879720218102893	19.04225251277612	19.887688299196693	11.670903921887964	0.0	21.66111210684366	16.51167991074549	23.524491503079982	17.68640925442425	18.201400819614264	15.173724522608586	14.60845317152108	20.99974778488487	16.843381389654038	20.01277108025785	14.420310015656877	10.857877982106336	15.4004800036942	14.717030860187137	18.319875257477154	14.548447214617998	13.435709862511994	15.563557894159892	17.909017641097012	12.950281593043226	14.764695627269015	21.70023302279211	14.83132102234965	17.025395442008996	16.348698523965545	13.839534757733352	10.939328794118275	13.760636163023639	16.103145831881243	16.185531335951143	14.167217553751643
D2	49.075846507985815	48.46094895340073	30.570237927606787	42.40305118491225	48.01016111220414	33.463838090767055	35.28704951426714	47.93171947321981	32.2782727157142	36.47182483224619	29.807184195061232	29.507340807860153	29.29190808169027	27.01305556484489	29.31961160537653	26.426326519044764	19.899606293210063	23.414963684722906	24.078644497763392	31.45707907184346	23.569930560027892	28.266111851350942	34.943717590891616	21.63154019384155	24.969677019519764	27.86528647221893	25.95086761453616	26.78543286028708	26.404937109633313	22.537617611892955	19.95131477714163	23.485919197353258	22.851586258522186	26.27476775440368	19.56567206779548	28.009034493915507	20.10168552963445	22.23418189494653	20.02646289465056	21.66111210684366	0.0	23.619129512003333	22.08671107200384	27.154436968283292	27.73237545508236	23.134840757731286	24.685210667669526	20.879180710334357	24.576192859939873	21.405553688138667	22.054421266289122	20.837511539332294	22.120545947450346	20.07035452147185	21.015018770252617	23.85357891384584	26.12267090073777	20.955131868946957	21.88718505264204	22.401606504449862	23.96901449295682	29.903915741541002	20.850489624578238	26.839239759142163	17.441947620339537	19.494081231908382	20.559551346494835	17.854223652319877	24.118147633478056	20.809925578606226	20.816690086729555
B4	51.41128294419254	50.54444358122353	40.72504785545536	38.28749249415645	45.5655764023981	34.335598308744274	29.557850093218356	40.336229131717054	30.475574027240153	28.140382575702166	26.579739149389233	24.42530762582113	21.119795946914603	19.12901064528313	35.518415110002934	14.593244882751952	18.32769647658678	11.78804355483323	15.973562824748656	24.071472105811203	15.142234942208358	19.66926813973662	25.706372361392688	22.726418114982934	23.690425370313115	30.34202922159276	19.57064403405755	22.717329958034757	35.93737736319271	13.008871810741127	17.872471576165854	32.15782515681678	19.046956752967976	13.803604688910271	13.284381089893962	14.185252891012665	14.332585548785188	15.052752132619897	17.172273168939526	16.51167991074549	23.619129512003333	0.0	21.660430434413644	16.526136603516232	15.802726273815987	13.896591340330751	12.341960029076755	17.876935217345114	13.97547071606206	16.438807088186724	16.317390328025912	13.8853013064769	12.899322135495156	14.996449230214145	15.789745804932975	18.674961666246862	17.649840179714694	14.024572065211133	16.74674428902529	11.46331983610056	14.33547785253474	23.584857485073545	16.695187357810592	13.920041460543786	17.03330339069065	10.329075924031638	11.607344223951271	15.056988899250188	17.266005082325417	17.704450221198123	9.97076243896672
A9	49.955031094753174	52.050913787296466	37.04629904454981	46.152742869786266	46.22247210657019	36.421968594551196	33.39003736765985	47.548848106346	27.99606487553811	38.0242125174711	34.47390380787722	34.212658999774604	32.56124386003451	24.0156807988542	36.18558219975547	23.294055533670623	21.50317600585123	23.714703774429587	23.41491193325591	29.911566784272907	24.71874654686987	24.5227036328162	37.67782776062747	20.28312321983002	31.112933688757796	33.54841625144087	30.904545564182346	27.432929892824202	28.9548463941543	23.466426178222225	16.76298161524042	30.109434036528302	24.760143952073996	24.345288234635017	21.459901889060216	21.287435523514727	17.474760774122903	16.786962583900042	22.99383745127249	23.524491503079982	22.08671107200384	21.660430434413644	0.0	28.477331848457855	28.51639286433889	24.758745861643472	23.627331537805432	14.225590944247477	17.396325675502716	14.79438955878797	23.554150240276172	21.628458233667317	22.59771073873482	22.129784293381892	13.54617022072988	26.62074294834381	28.974387056677955	18.909595111140412	14.260841202791783	19.80230926201131	24.903952742261023	30.646008284248072	17.38366482950507	27.24241751574067	19.784717758143003	18.1462466170721	19.407006396682892	20.85379010398284	27.74978948597981	14.088778821648127	18.492267260472325
J7	49.65233067403638	47.09930485881703	43.93317100805232	32.00514421260075	44.64696155873478	35.33122327222078	29.250152025903112	36.386417384695186	34.555005525522546	26.54003784900934	21.695610380789933	19.923336034866388	17.810599167520333	24.616648488501095	35.20776876294799	18.991697947336423	21.15158572533751	17.888634309987324	21.128958632369173	21.602885058144768	16.075407377999916	24.366577615392437	20.996062951891734	28.975843864967434	20.273714518072182	28.056592223663635	16.336361833065087	19.29425873223164	38.26602473302567	17.665269118354384	23.936544823560386	33.50169860717026	21.41666629386116	18.88040984952043	21.415834253143448	20.18792784682656	23.517275221536625	23.361499658148286	17.083086271269732	17.68640925442425	27.154436968283292	16.526136603516232	28.477331848457855	0.0	7.74440794714985	12.445224596257008	12.897323057964291	25.26867918687578	19.610305009535825	23.79888913341627	15.02218055436448	15.30841996069554	13.473902191509792	16.447704920621554	21.907543531876183	11.288776487517	12.27957226135713	19.377523347317112	22.482567061269666	18.860406829798176	8.955663930147656	18.349713558757305	20.43465351142057	8.16449951461232	20.2357689897457	15.79312010243739	16.237513567716967	16.919539630620122	8.048309121190941	22.359221465943467	17.138801210593012
J6	50.22935184568634	47.0994463875654	43.7106429684301	31.61953403108713	44.551054359330706	34.78704469463647	28.953471852170132	35.04610597616633	33.67464831838242	25.62189507339693	20.930792889382584	19.312057092189978	17.588304277508836	24.587266135393126	35.41051109934333	17.88188291852432	20.3708394355712	17.603129638603384	21.01295831067693	21.533728174871335	15.733250478077373	24.23343561807543	19.371183438595992	29.554832189068232	20.101105324715494	29.39122015745314	15.602177686389968	19.533378449337974	37.97623501793889	17.514847365870043	24.574854506751137	33.90662182322413	21.332208129777406	18.33193250791016	20.627089568310314	19.307193608308808	23.58075743693803	23.219813578664358	18.187578674769806	18.201400819614264	27.73237545508236	15.802726273815987	28.51639286433889	7.74440794714985	0.0	13.432590210858077	13.415117179512043	24.949987575648983	19.272493796106833	23.78378167425452	16.463438168135816	15.576981747441508	13.085491070173424	16.759989851416986	22.211140085910195	13.218041218664226	12.792923610549277	19.007772038576316	22.78487778551172	18.11952006774748	9.651580648924908	18.432420995818504	20.69734101655761	7.858366514286237	21.257891718379387	16.647788608933233	16.740995311833842	17.72677049832505	9.840763331813383	22.55442275003039	17.355018210743093
H7	49.71897523532435	48.12176891197023	41.2831529862559	34.565583250818484	45.66488971699574	35.7935289144452	30.798736162742866	39.5088935634069	32.79920526534007	29.3074901360733	23.534732714923017	23.167687586670443	17.296739721854777	21.328240558698663	33.666516991874325	18.902763739990103	18.861141330149998	17.490813105399575	17.50514714294691	23.77453036480315	13.083589299872484	22.907081575352848	23.95956159688452	26.860677122115366	22.11200517447266	28.134134707726343	18.719612613963147	21.83874559836633	36.95400861264831	16.119573963829954	21.431986627685298	31.2761693496276	20.071914824476252	18.73577410002373	17.630295445854344	18.824403418699845	20.472463893963063	19.922003121786993	12.506569176701813	15.173724522608586	23.134840757731286	13.896591340330751	24.758745861643472	12.445224596257008	13.432590210858077	0.0	9.747434352591009	22.442395420422404	17.045308928962523	19.9763594088756	10.397985090670465	11.024206179838545	11.706091994244215	15.188780385076889	17.376839763613805	12.875800617102218	11.85770335383716	16.702679716704377	18.211041426301197	15.953026963698601	10.167387588649808	21.824135310279733	18.087024759355625	12.084930894988306	17.704869904156208	12.091277783812897	13.168286528320694	14.463170430558666	12.480229799580039	18.61719221562786	12.505504392474322
H6	50.444432813737585	49.31587870541634	41.721091061332764	35.32693264292392	44.96853013036003	34.877389901667364	29.63557465254873	39.73846733817167	32.02392748525387	27.201133249243487	24.02932317801514	23.2811584123604	17.458899161805185	20.578897086478854	35.3270907026701	16.745746005938276	19.786243724621325	15.600348194387601	16.727938550955773	22.93541833773046	14.835556638609603	21.260708258286254	23.384958791808394	25.75553555111214	22.74740625775296	29.082182722535126	17.769307191422634	20.542044473634036	36.60716214069899	15.050372395389681	20.31579016140491	31.977217828801432	17.668264774366424	16.12966542395786	17.41732303008653	15.640709608704602	18.92892019235644	18.07039324682055	14.117570118855458	14.60845317152108	24.685210667669526	12.341960029076755	23.627331537805432	12.897323057964291	13.415117179512043	9.747434352591009	0.0	20.611856376473412	14.932360670881167	19.003618221300666	13.174963749589173	10.206979068877377	11.698770886418304	15.394545093718426	17.15711791432946	15.025973781519793	13.343158700558648	15.226227424282449	17.906088357825933	12.999014076880337	11.391926227536297	21.83679327207074	17.544986831290192	11.86978885134989	17.631825892911923	10.670684866353453	12.735561452692627	14.896381757301315	14.011300101299646	18.21150906554356	11.31600845624083
C9	52.93665848097657	54.173063107768165	35.305795631745674	45.159114251208095	47.70103476839725	35.82458613039679	31.52108453247938	47.1871498797527	27.31624223746295	34.00955453188636	31.99784393325403	31.373493434453597	29.591602979575843	21.387949127312375	34.530715154044984	18.300020587442667	19.160847819356114	19.96110092354947	21.507785973870885	27.649503619503424	22.135433435355175	23.101435693077292	34.607251427435834	15.51150941723518	27.34932224127345	32.00282542225973	26.138749009961362	24.400392244278507	29.156967563314083	19.945099065219846	12.92054692071957	29.055509116348567	18.769425373133533	21.333380570752833	17.490210270908545	19.079649287741386	14.141742964602033	12.8601564812877	20.473744101372006	20.99974778488487	20.879180710334357	17.876935217345114	14.225590944247477	25.26867918687578	24.949987575648983	22.442395420422404	20.611856376473412	0.0	18.07461509945831	15.807374345980458	20.947802804440222	19.003331264661202	18.335659845433952	17.790087962441284	16.467885269272866	24.221620663788265	26.376378597064335	13.379062721140714	17.064357397770554	15.320615082922487	22.050087258999696	30.066409538127523	17.387920924870624	24.209571552884217	16.107457577658465	15.317510397121438	17.43674837860851	17.09469580619409	24.490172515493565	17.099571328099668	15.849615815203025
A8	48.58124744593657	48.54977431765569	40.58758129028547	37.11234175248862	42.5423095000168	33.81876249724703	26.648580262158795	38.16760569568408	29.16030782611717	28.513285646935557	26.50699270326854	26.061606143416736	22.977224878763316	20.020402303723102	35.14962265244801	18.939213918989743	19.415841998986103	18.379883048883624	17.201990591534713	22.780825796038805	18.114432725060205	17.281932688193585	26.420176146871206	22.728076841370193	24.704826421902187	29.4783193946336	23.205357679279007	23.18533519872527	34.465090769968526	16.62414185144835	18.00495544924351	32.332537190792884	21.670663286386716	15.448012277387393	18.471376717546875	12.761570939806315	16.688805544134624	16.19019907817924	17.772442124951755	16.843381389654038	24.576192859939873	13.97547071606206	17.396325675502716	19.610305009535825	19.272493796106833	17.045308928962523	14.932360670881167	18.07461509945831	0.0	13.438873741301936	18.64723525697254	14.910978536320513	15.516091135041147	17.90275710208451	11.470258947958785	19.98878942306189	19.237193609859048	14.752353507149788	10.403710583647332	12.817890943123967	16.942825852548243	22.186099992421767	11.672529913095273	17.146485685637078	18.710248393718786	12.981929576212393	12.118656125643955	16.73543027185805	20.123564679248254	12.837551384147629	13.21672922563514
A5	49.526188217261705	49.44048435542639	38.41489554939194	41.391921415229604	44.11349756503801	34.980561433183254	30.06145337198552	44.09643219499737	25.70838199185491	33.3387839703077	29.45572566470878	29.23762395961259	26.137697597007158	20.047556342580098	32.85892923276336	19.67397615459648	18.721684479241382	19.047128072742538	16.64166302269086	26.88398649156889	20.352480457744228	19.707615321727694	32.035285485286195	20.17702093318314	25.977146626705892	30.722727666763745	25.686395243136392	24.758040885059234	30.98727281432131	16.730987769212508	16.641881216600016	29.377256431183188	22.450084985958934	19.13602563887406	18.401647114055617	17.996500952119387	15.503970840250066	15.726730484154427	18.86847257766178	20.01277108025785	21.405553688138667	16.438807088186724	14.79438955878797	23.79888913341627	23.78378167425452	19.9763594088756	19.003618221300666	15.807374345980458	13.438873741301936	0.0	20.70153889065544	18.335318227207118	18.041040142914774	19.22539705038885	12.035324623344437	23.323914988401597	24.259284513352654	16.333312661374972	11.34782882333934	16.376782230855575	20.058086571112764	27.03483688509435	15.328819538123502	21.996721509087187	16.7094131831935	13.703966229433838	16.17413780661147	17.039575686058722	23.711860220595113	14.107445285510126	14.393755145078629
H8	49.06471386089721	48.90325400810603	39.587966565187685	37.97828007377284	45.47715482231773	35.567169169909185	31.82794335252058	42.00771507187491	32.43193633400556	30.832187779119874	26.517565757767827	24.568361455248965	21.094523525566302	21.9842017863185	32.315205764770646	20.360084738856642	19.0127607594733	18.162607531255677	19.553873987060733	24.851017691388105	15.71775279847644	23.99521817099445	26.869053209501164	24.932062437416572	23.384863162183557	26.713221618662352	20.305821303422164	21.21320432206932	34.56845618641473	18.11984105134508	20.48970579464981	28.81340861449739	19.35501674621959	20.439860881616493	17.661157870282018	20.447071968987338	20.405728683040106	19.453286461223477	11.73077798366506	14.420310015656877	22.054421266289122	16.317390328025912	23.554150240276172	15.02218055436448	16.463438168135816	10.397985090670465	13.174963749589173	20.947802804440222	18.64723525697254	20.70153889065544	0.0	12.230979513380325	12.949076737373801	15.708094416726672	17.801254525602612	12.57480138175547	14.279429798520187	17.076784627323057	19.28987874462303	16.222823917339497	12.528756416811312	22.494564972185426	18.28822574961887	15.833405434446806	16.476714632827456	12.743098130947395	14.033408796498943	14.039011638784627	13.862454708395585	17.798189671078273	12.496241147076335
H1	49.67662577631361	47.86933965050617	37.383260125135834	36.517446955277855	44.606557566912734	34.21983155881649	29.903789853391803	40.167700816565585	30.253018330566448	29.306456485700338	23.248970650041887	23.9807566227904	20.181278198617736	21.63728178762189	31.705095278918648	18.78320601873928	17.882257997713793	17.052770580751826	19.23230311133059	24.658085271187833	13.024854974853014	22.844073798175746	25.935560905531865	23.197937432908034	19.867262782073347	25.50359999359753	19.137978671673284	19.12345717722294	32.36477896819749	15.400473660580852	19.01748551134685	27.45153177976978	15.974203462336547	16.72460073604099	15.480098672090156	18.122185162604783	17.8128642173914	18.551234620014284	11.849715605833794	10.857877982106336	20.837511539332294	13.8853013064769	21.628458233667317	15.30841996069554	15.576981747441508	11.024206179838545	10.206979068877377	19.003331264661202	14.910978536320513	18.335318227207118	12.230979513380325	0.0	12.852932548532966	11.022175118960268	15.736019479969759	13.03428447785379	13.881668490862351	12.624509171141776	17.155956045455405	11.931854582294719	11.956416002408172	21.66574496528236	13.806703727682624	14.640337220215262	15.023986045547176	11.212874895004166	9.065021121656736	11.663317017343473	13.803879745141533	14.56680074899666	12.059502323421526
C6	49.90336897930085	48.9975387857217	40.212340529167435	35.352834542231655	45.3050943380892	34.22732719532172	29.325167515713055	39.815616959684625	31.159324407720128	27.199950873084727	24.11426066105178	22.83170006110274	19.44247333510043	19.405778877363634	33.759822926644695	14.804735049548743	16.83051888553375	16.385810357818766	16.369609793568287	23.103992161175636	14.658462875562066	20.457092966270952	24.08948485939311	24.208262543141362	20.396322645830832	28.307266168410063	16.901189981271184	20.48715770536088	35.52361994210325	16.11407355558005	19.15711858724963	30.9825560815779	18.548678793062393	17.87370167586752	16.76148388087696	16.76145620872032	18.056930275578313	17.117522898120416	14.808172017727246	15.4004800036942	22.120545947450346	12.899322135495156	22.59771073873482	13.473902191509792	13.085491070173424	11.706091994244215	11.698770886418304	18.335659845433952	15.516091135041147	18.041040142914774	12.949076737373801	12.852932548532966	0.0	15.037301269978425	16.43249932135852	14.458010103040769	14.80525127403579	14.110097927927326	17.20133091219346	14.497373056421718	11.099172774602534	21.938531676147946	17.677757537391717	12.61439063509151	16.37495313371277	11.376157367898061	13.675146306938998	13.365489864490526	13.067037892946578	18.626981509712454	12.1610524970402
J1	51.13241928042711	49.277153899789205	35.866773808778824	38.08332682059565	45.55898846887994	34.147884903009945	29.795907439660763	41.428919954393464	28.717428855208947	30.149302711857995	23.515697304394717	24.28364174811147	22.21399194380245	23.105927254604175	30.848555565337062	18.515291893222987	17.778931419704545	17.98800754505259	21.161139355982897	25.32013465961883	14.93132458364024	24.232138815263195	28.249060144058923	22.104356720256668	17.9606286854895	26.46851302933513	18.979675535412692	16.470444355818106	30.591430598467085	16.15020302558092	18.46177591171678	26.851509956969334	16.217249035602844	16.658858895991013	15.245890975798027	19.753857754203217	16.508050971106677	19.351923479421462	14.872870095396403	14.717030860187137	20.07035452147185	14.996449230214145	22.129784293381892	16.447704920621554	16.759989851416986	15.188780385076889	15.394545093718426	17.790087962441284	17.90275710208451	19.22539705038885	15.708094416726672	11.022175118960268	15.037301269978425	0.0	17.87031468209315	14.685156598506765	17.89647693229356	12.924623682523992	19.400732079689327	15.198545895098718	12.855641410050573	22.99474657472911	15.48358129548676	15.619738647200588	12.975319948030066	12.549446380455993	10.861521022866123	10.899892954991518	13.92850455109653	17.401141638500178	15.80818469286883
A7	48.37271714706976	48.763910787947715	38.69237903742067	40.49729797054271	43.801965422312605	34.998853961056824	29.78904630504591	42.705844641226975	27.065163180082944	34.097898511681855	29.48022525075457	28.644657556656316	25.89626320019256	21.081828971233694	33.91128430284197	19.888640665399965	17.68902273465727	18.45625038340035	17.49085061067163	25.25449339149948	18.579430042086177	21.04326584950593	31.75403335743058	20.814598322427358	26.353671197428817	30.1491942869182	26.016722203006637	23.929047458852157	32.144102887656025	17.121558495958226	16.949120202991356	30.218216577699952	21.975479539984217	19.53521205306212	18.444244215591358	17.353981588720373	16.19221684368333	16.252771107367206	17.639718340559728	18.319875257477154	21.015018770252617	15.789745804932975	13.54617022072988	21.907543531876183	22.211140085910195	17.376839763613805	17.15711791432946	16.467885269272866	11.470258947958785	12.035324623344437	17.801254525602612	15.736019479969759	16.43249932135852	17.87031468209315	0.0	20.692659009099653	21.961195078709487	14.74743147544706	10.062085506205447	15.034235272387956	18.457558029143318	25.421373993574402	13.439835243359115	20.652737307676478	16.55939647302883	13.066160798564772	13.63794046792357	16.0823171685224	21.611589592091857	10.453214630453603	13.275389790741539
J2	47.536160055236756	45.3384526589515	40.4878100532994	34.007669315196786	43.462825505287874	35.072305463637875	30.31492718382976	38.93526043017174	33.65787404796218	29.44871051446344	22.386120313737713	21.8027071133681	20.772941895166923	25.09999972079212	30.96454520243073	21.23566517224452	20.12031839018283	21.287123165521454	22.947794654205435	24.037029475236327	15.748002558150814	26.506867408807537	24.509308015178966	27.43944769838334	19.582819363123082	24.725805188420907	19.051482004460087	19.351870860734827	34.435815053841075	18.837255571086853	23.652362693397176	28.456872132737267	20.603954672890417	20.687137387859668	20.102085384882894	22.316745316108282	23.213280919514276	23.84501080900195	13.245445716308394	14.548447214617998	23.85357891384584	18.674961666246862	26.62074294834381	11.288776487517	13.218041218664226	12.875800617102218	15.025973781519793	24.221620663788265	19.98878942306189	23.323914988401597	12.57480138175547	13.03428447785379	14.458010103040769	14.685156598506765	20.692659009099653	0.0	12.4378881652423	19.028755700732752	21.46955756665087	18.59500134153456	10.089366142226407	18.845805149432604	18.2958386888054	13.649602765876823	18.134107619638154	15.734864492508082	15.008379560164697	14.680289237277716	9.706152738738542	18.96474817838244	16.852520025045948
G7	48.30835000499307	45.403494854329814	42.34988621527204	30.992391263120343	43.704507281937914	34.94365233790484	29.046879692851064	34.91900701635732	35.431301806279436	25.951069524830135	20.364916717512855	20.255040290932833	16.368111981103386	24.422085990540445	32.32605149591525	21.36401497887844	21.52137707407724	20.074250802677515	22.318091453408016	23.52540195414231	15.57758077986799	23.84085328325807	19.39171385815673	29.443932915354797	20.09585261056091	23.734493042997943	16.870861415742237	22.074388551015808	37.441605250007825	18.372831162065406	24.947841245638436	30.71374963342143	19.778695545412376	19.24703204641206	21.475721819426372	20.18696885867214	24.262033671817335	24.008928962707564	14.274729287231306	13.435709862511994	26.12267090073777	17.649840179714694	28.974387056677955	12.27957226135713	12.792923610549277	11.85770335383716	13.343158700558648	26.376378597064335	19.237193609859048	24.259284513352654	14.279429798520187	13.881668490862351	14.80525127403579	17.89647693229356	21.961195078709487	12.4378881652423	0.0	19.81022118048208	21.895041072901936	17.67765396591118	12.0671612989555	18.805413002035483	19.538269029526596	12.062009914280072	20.737216268838345	16.736976115985232	15.54156008596634	16.89756730045054	12.11732726726286	21.537865376883378	17.182160075814505
C1	51.8081869032463	50.7601739737088	36.47969690457019	40.31820698724244	46.04842049481569	34.722135640318754	29.832944593909616	41.983291931510145	27.524229842868426	30.859970581296192	26.419899096594353	26.088989026976567	24.233627559020974	21.9987700379872	34.1698429989045	15.235060690803529	17.69173234085709	15.532860156455348	19.688769263954036	25.85613269411857	16.02650471352192	22.091565129553807	29.13934947468769	19.93535244917771	21.740455894031633	27.84143116143358	21.441192378967855	19.691502474576676	31.289454052107917	15.391670221691793	17.24393690817031	28.125510980895942	16.24303988032421	16.273011109823337	15.265878982362452	17.873980518372523	15.89632370481143	17.09618846073302	15.42588166000253	15.563557894159892	20.955131868946957	14.024572065211133	18.909595111140412	19.377523347317112	19.007772038576316	16.702679716704377	15.226227424282449	13.379062721140714	14.752353507149788	16.333312661374972	17.076784627323057	12.624509171141776	14.110097927927326	12.924623682523992	14.74743147544706	19.028755700732752	19.81022118048208	0.0	16.828435168271273	12.51971889533816	15.97632600225557	25.420569426190657	12.728528189412518	18.11044862858923	14.355814288810299	12.722968659535768	12.238817210489508	13.482982100234816	18.228435773066725	15.488221999456595	14.245166335103274
A6	47.857609903696876	48.70487001925163	39.69434188353844	39.03881281176139	43.177480469199374	34.213418801688604	28.65370663155446	41.89574677490116	28.150792461431784	32.193914306704954	29.303212137580427	29.102280514578982	25.7284284133399	19.129753930379064	33.530475576300645	20.45988102930932	17.878120043700946	20.12940420656732	17.954500818280575	24.93459075310437	19.224391383924885	18.75133047299022	30.98829443408963	21.463033356757958	26.281690249535803	30.13732755347307	25.49070779995028	24.913539312894734	32.92683388648468	18.171257529481245	16.43252557748762	30.706275605443523	22.909275872442453	18.52240610297101	19.1910043526428	15.652172429157972	16.095397315795456	14.595134385288796	17.62520231153178	17.909017641097012	21.88718505264204	16.74674428902529	14.260841202791783	22.482567061269666	22.78487778551172	18.211041426301197	17.906088357825933	17.064357397770554	10.403710583647332	11.34782882333934	19.28987874462303	17.155956045455405	17.20133091219346	19.400732079689327	10.062085506205447	21.46955756665087	21.895041072901936	16.828435168271273	0.0	15.311009456246818	18.91449397971519	24.868728569894436	12.751174430792984	20.72812665627715	17.57461651112878	13.257338454778106	14.252374390689079	17.203184720518557	22.612951035784377	11.787865184176496	13.263885587879413
F1	49.8409826589128	49.938914999590764	38.23309596866376	39.17136838174011	43.95197344913438	33.21660242629938	27.755156833914192	40.912681376229	29.606012245193757	28.644170831143892	26.831559950190137	25.565857875579383	22.461794968906133	18.627645597857907	33.50635702918268	16.833892233619114	17.135655058801934	15.14032954292208	18.03642052176366	23.52597477239791	16.245088822651052	19.865523943337354	26.60158332204364	19.628298988019218	23.123601793649158	28.233361837889202	20.855747900508472	22.032258236582095	33.285725169187806	14.622474218466364	15.67969598649277	29.535056258212915	15.536928982699662	15.715014867734421	13.927141911088354	12.610171233268243	14.417245626495173	13.22986355856741	15.35945861368066	12.950281593043226	22.401606504449862	11.46331983610056	19.80230926201131	18.860406829798176	18.11952006774748	15.953026963698601	12.999014076880337	15.320615082922487	12.817890943123967	16.376782230855575	16.222823917339497	11.931854582294719	14.497373056421718	15.198545895098718	15.034235272387956	18.59500134153456	17.67765396591118	12.51971889533816	15.311009456246818	0.0	16.18053794130719	23.47082651519899	14.367297770232666	17.056967045644424	15.857962229510715	10.998429888221867	10.098111962414317	13.981095923086041	18.715720729553784	14.933422529149476	9.720766140741665
J3	49.36304641105633	46.9925413255261	41.787051817835625	34.100991976679694	44.17386913884601	35.046504172185095	29.066631793871764	38.49990285265586	32.15172893613269	27.98424810549384	21.9762810382112	21.742010553390294	17.983660698939158	22.12835813720913	33.20604716446439	16.821516329262632	18.268591281917544	17.37268108127643	19.234744524064183	23.62869882550128	12.240248858327522	22.921038065613875	22.93112284215328	26.300399699515392	19.045057057193514	27.807424826759092	16.340165370923547	18.928847404888593	35.541744417464315	14.893836061830081	21.385751379686393	30.94804161976212	19.622192828183003	17.149726111451876	17.89460351972022	18.612387325932566	20.873253958083854	20.588098831615337	13.657276317654777	14.764695627269015	23.96901449295682	14.33547785253474	24.903952742261023	8.955663930147656	9.651580648924908	10.167387588649808	11.391926227536297	22.050087258999696	16.942825852548243	20.058086571112764	12.528756416811312	11.956416002408172	11.099172774602534	12.855641410050573	18.457558029143318	10.089366142226407	12.0671612989555	15.97632600225557	18.91449397971519	16.18053794130719	0.0	18.881224585411	17.20255213194017	8.111279907480544	16.920622466300728	11.936492996108862	13.254909537148436	14.154026077716031	7.454296887665632	18.964434935594877	14.213173978110134
J8	43.53057778154438	42.90348658178251	44.028726263916454	31.793952271209104	37.85882280317704	33.524684218306724	28.28798392737584	33.74308805622138	36.84494960745775	28.486791724873928	24.69611860206854	23.25979274751088	23.487690549853024	28.532434330213512	35.26224772510228	26.23586415992719	25.313219318796605	25.149438903343725	26.66277072242062	25.06093996315591	22.655102092246757	26.606731198440293	24.44600117366539	31.887351918949058	24.715793146211208	28.41703564636532	23.287767524453493	24.31790558227901	37.12949073684403	23.990460774756322	27.86843814993492	33.569013566534515	26.769930966003717	22.156304190608108	27.18587281119107	23.793826786760054	27.119676523183838	28.25871999946481	22.307316688881848	21.70023302279211	29.903915741541002	23.584857485073545	30.646008284248072	18.349713558757305	18.432420995818504	21.824135310279733	21.83679327207074	30.066409538127523	22.186099992421767	27.03483688509435	22.494564972185426	21.66574496528236	21.938531676147946	22.99474657472911	25.421373993574402	18.845805149432604	18.805413002035483	25.420569426190657	24.868728569894436	23.47082651519899	18.881224585411	0.0	20.921169500987425	18.29073589566023	25.756775994567075	22.415956369812495	20.838128394959323	22.397537617737548	19.309791540726447	23.653540976089083	23.669090949525092
A1	46.384643944843475	46.60461437519174	37.156258743873494	37.88402802202726	40.83499076073979	33.21724900381942	27.64214594372021	39.149181686862875	28.39479355381104	30.699376229560027	26.278415399519293	26.24490491375202	24.858204492834343	21.968345809622708	31.757285070681565	20.616805240715617	17.467362719430163	19.071585431182697	21.233005934498756	24.61479973500991	17.406321146091216	21.453200733020825	28.965792324996748	21.121006255923295	22.86188054136214	25.95437375657224	23.60781948909514	20.61992288553109	28.744922231287187	17.936875907057082	18.417360326697626	26.96274507795018	20.18612104276691	15.805559119438689	17.77836984203823	18.091178723656203	16.59398165119323	18.529499865743432	15.595314223344365	14.83132102234965	20.850489624578238	16.695187357810592	17.38366482950507	20.43465351142057	20.69734101655761	18.087024759355625	17.544986831290192	17.387920924870624	11.672529913095273	15.328819538123502	18.28822574961887	13.806703727682624	17.677757537391717	15.48358129548676	13.439835243359115	18.2958386888054	19.538269029526596	12.728528189412518	12.751174430792984	14.367297770232666	17.20255213194017	20.921169500987425	0.0	19.31838005708388	16.184025028835297	13.980781872810073	11.180445479826641	13.843573000867227	19.634958349873376	10.365698653623244	15.479033480536565
J5	50.15544334293678	48.02661370250462	43.762914153209714	31.552997389429418	44.09172724670296	34.499019892555545	27.681401721364054	35.12323526544623	34.61353994103223	25.109207823579418	21.842999174058555	21.293077439914878	16.256470811154593	22.68620669713872	36.049173692285706	17.09976354302779	20.24114104718098	17.41495398709646	19.131625659720438	22.43352060279995	15.129676020986807	21.839404423511116	19.613905896634698	28.641215363295917	20.274065196261184	29.03175284298347	15.764749049685618	20.013594491408295	38.85384844501477	16.55110437296351	23.111605591068408	34.09330819206549	21.022499917486606	15.76919715778637	20.041986569783496	17.67599257093316	21.73925236555118	21.73235568402128	16.92766762811989	17.025395442008996	26.839239759142163	13.920041460543786	27.24241751574067	8.16449951461232	7.858366514286237	12.084930894988306	11.86978885134989	24.209571552884217	17.146485685637078	21.996721509087187	15.833405434446806	14.640337220215262	12.61439063509151	15.619738647200588	20.652737307676478	13.649602765876823	12.062009914280072	18.11044862858923	20.72812665627715	17.056967045644424	8.111279907480544	18.29073589566023	19.31838005708388	0.0	19.978052732253037	14.435599855872441	14.777616511781497	17.01813140453078	9.917802813602341	21.931034673622296	15.886693789857185
E2	50.310195755637665	49.42818835061958	34.089493803761094	39.91927319031501	45.361898872300635	33.46135473282308	31.01461723084136	44.7605593745321	27.549839953106115	31.965608478700727	26.808380355029964	26.924347543788922	24.592051693428814	22.69006808046672	30.38168918359706	19.849829069281288	17.20091118193499	18.786767067440422	18.941662194907003	26.255348040647213	18.11373430988331	24.39585044880153	30.888939764293898	18.68207716898194	20.380224156319194	25.808521847767388	20.828511842618067	19.791159280170096	28.9110278930335	16.766710869788664	15.081054003896126	24.763817162659283	16.80980935752395	19.03564585751204	16.243991064528913	20.69575186749276	15.462929625249739	16.58345202657964	14.661453880820554	16.348698523965545	17.441947620339537	17.03330339069065	19.784717758143003	20.2357689897457	21.257891718379387	17.704869904156208	17.631825892911923	16.107457577658465	18.710248393718786	16.7094131831935	16.476714632827456	15.023986045547176	16.37495313371277	12.975319948030066	16.55939647302883	18.134107619638154	20.737216268838345	14.355814288810299	17.57461651112878	15.857962229510715	16.920622466300728	25.756775994567075	16.184025028835297	19.978052732253037	0.0	13.460571781404365	14.711045155712153	8.927999520421052	18.22692925900158	16.302178529402994	15.332617218556512
B6	49.32600529954926	49.087233714930456	38.183887467280755	38.05901656574668	44.22294654151273	33.80199957643532	29.199464424801533	41.86150466133847	29.16095704427529	29.4040672437598	25.881898703494123	24.630048790528708	21.0135133096791	18.20947381703304	32.57071859932984	16.09468462120239	16.17192475725057	13.87994487187786	15.135932027050053	23.305205590803702	14.11288659296053	19.45905018915062	27.140070955778878	20.093990635535985	21.91733507822666	27.998452627031728	19.470836662578794	20.376786578509954	32.65835479983066	12.095939950722784	14.942360665370254	28.85119432359055	16.873755178161865	15.043907758000818	13.042910378485754	15.04083281784511	13.523616421039618	13.432989831498956	13.313963754347373	13.839534757733352	19.494081231908382	10.329075924031638	18.1462466170721	15.79312010243739	16.647788608933233	12.091277783812897	10.670684866353453	15.317510397121438	12.981929576212393	13.703966229433838	12.743098130947395	11.212874895004166	11.376157367898061	12.549446380455993	13.066160798564772	15.734864492508082	16.736976115985232	12.722968659535768	13.257338454778106	10.998429888221867	11.936492996108862	22.415956369812495	13.980781872810073	14.435599855872441	13.460571781404365	0.0	9.028740518809304	12.059717343100756	15.422003821459079	14.17891863369077	7.613889315813022
D1	48.77942260090033	47.81060788649799	38.0181961475333	36.8312984699477	42.93206334078887	33.39023765851197	27.96197543376969	39.15354467319275	29.40157004083104	29.18869006606097	24.75183030767164	24.538009412916846	21.864439784959643	20.384553762938552	31.99225691235907	17.788949474052075	16.827879360510902	15.980354864280493	18.748652845590115	23.408692196146138	14.060732348789992	20.988576513349976	26.82051788489561	21.310261904135093	20.51636245150218	25.866078463607195	20.442999471668212	19.028443054123688	32.16709508808141	14.895905305275774	17.150056698809163	27.995342143456543	16.422582338168425	13.865586891506592	14.18668892108818	15.007716457124141	13.965224027395575	16.378569625199784	13.012840506569052	10.939328794118275	20.559551346494835	11.607344223951271	19.407006396682892	16.237513567716967	16.740995311833842	13.168286528320694	12.735561452692627	17.43674837860851	12.118656125643955	16.17413780661147	14.033408796498943	9.065021121656736	13.675146306938998	10.861521022866123	13.63794046792357	15.008379560164697	15.54156008596634	12.238817210489508	14.252374390689079	10.098111962414317	13.254909537148436	20.838128394959323	11.180445479826641	14.777616511781497	14.711045155712153	9.028740518809304	0.0	11.64776317811147	15.642706287044144	12.653475594458103	10.912979981503454
E1	49.066127578387686	47.956765351367274	35.131772690143855	36.804081750201576	44.01796122337036	33.272026917469034	30.217207201277596	41.86131685487501	28.84987951561606	29.602536916247974	23.298318738675516	24.031609625213264	21.99679620470879	21.766928998529046	29.53507877505558	19.18603602898244	16.354489909933488	17.390185402641812	19.60152011348791	24.828939795248107	14.756702071835383	23.0051413072421	27.63924455175652	20.87226541941734	18.110930983894466	23.992069376077314	17.83356264172392	18.12200650663626	29.292094476875658	16.16959335835322	16.780662444300944	24.960662545977858	15.829373478064623	18.057864627048524	15.564113418258835	19.17954583507537	16.057819705851593	17.4314311711169	12.987851173450625	13.760636163023639	17.854223652319877	15.056988899250188	20.85379010398284	16.919539630620122	17.72677049832505	14.463170430558666	14.896381757301315	17.09469580619409	16.73543027185805	17.039575686058722	14.039011638784627	11.663317017343473	13.365489864490526	10.899892954991518	16.0823171685224	14.680289237277716	16.89756730045054	13.482982100234816	17.203184720518557	13.981095923086041	14.154026077716031	22.397537617737548	13.843573000867227	17.01813140453078	8.927999520421052	12.059717343100756	11.64776317811147	0.0	14.702696468218788	15.223382131912048	13.979023122735768
J4	49.6360698808645	47.09712336692205	40.77801610059207	32.91626873767955	44.99722427726767	34.31106476793383	30.209950301582488	37.888359597949275	33.989503791924356	27.016802934290453	20.740407826678478	19.973184194597067	18.110256875333356	24.54010095847031	32.747347777459375	19.875899150377805	20.2165597564435	18.80051737560145	21.819040789251382	23.605112991081665	14.184397223610288	25.50428928125796	21.55334744863984	27.838443005720727	16.883951041834223	26.018176808451937	14.802655219543404	18.02294221186105	35.614276257063146	17.33203272105924	23.585927145547824	30.456610956868918	19.95883879202691	19.87173529872477	19.53116113200773	21.714664077388885	22.852299950101877	23.468989415623017	15.318474810798621	16.103145831881243	24.118147633478056	17.266005082325417	27.74978948597981	8.048309121190941	9.840763331813383	12.480229799580039	14.011300101299646	24.490172515493565	20.123564679248254	23.711860220595113	13.862454708395585	13.803879745141533	13.067037892946578	13.92850455109653	21.611589592091857	9.706152738738542	12.11732726726286	18.228435773066725	22.612951035784377	18.715720729553784	7.454296887665632	19.309791540726447	19.634958349873376	9.917802813602341	18.22692925900158	15.422003821459079	15.642706287044144	14.702696468218788	0.0	21.829488418298844	17.33264772730039
A3	45.95795461710683	46.80293936548481	37.33369158166027	40.91188111184505	41.706028923746146	34.7198583433825	30.655897290092632	42.12457522885839	26.984410228112385	34.07261137183838	29.100482481802644	28.17540386445357	27.236529429710114	23.135223077725424	31.613498932108573	21.862586204833317	18.554420116934608	20.29874278481059	21.446792421983936	25.819168127868753	19.045096692425307	23.156717345477727	32.07247621807176	20.885226122382694	25.682228725532262	28.24840032369271	26.18661491729762	22.791744736112424	27.61008068426478	18.54468044917749	16.779560826675304	26.394077121628744	21.01446880380882	19.434080655094483	17.669578255571555	19.08825467871813	16.895518564610853	18.094135715610513	16.09066719811926	16.185531335951143	20.809925578606226	17.704450221198123	14.088778821648127	22.359221465943467	22.55442275003039	18.61719221562786	18.21150906554356	17.099571328099668	12.837551384147629	14.107445285510126	17.798189671078273	14.56680074899666	18.626981509712454	17.401141638500178	10.453214630453603	18.96474817838244	21.537865376883378	15.488221999456595	11.787865184176496	14.933422529149476	18.964434935594877	23.653540976089083	10.365698653623244	21.931034673622296	16.302178529402994	14.17891863369077	12.653475594458103	15.223382131912048	21.829488418298844	0.0	13.92549602660809
B5	49.51962107284392	50.07932040978297	39.28498117910428	38.990570098379784	44.906728825434406	33.977641889306526	30.141443897320922	42.56925941909936	29.87453255659922	29.511160258812264	27.873474144339664	25.565631217484786	21.613213963522288	17.56408935606439	33.634251813878635	16.962141143618542	16.700160990894865	14.063158939433636	14.897613227311556	23.56624119496804	15.891354306717474	19.251620560698175	27.274436978178006	21.2005485773513	24.25750658482816	29.324775679361206	20.690583371661116	22.772094743710735	33.85553971903668	13.578265853031104	15.637818731144364	29.657586015810246	18.20384772547032	16.795060209486646	12.90295305363483	15.120548396221837	13.895921264868257	12.694326776475647	13.762015867049406	14.167217553751643	20.816690086729555	9.97076243896672	18.492267260472325	17.138801210593012	17.355018210743093	12.505504392474322	11.31600845624083	15.849615815203025	13.21672922563514	14.393755145078629	12.496241147076335	12.059502323421526	12.1610524970402	15.80818469286883	13.275389790741539	16.852520025045948	17.182160075814505	14.245166335103274	13.263885587879413	9.720766140741665	14.213173978110134	23.669090949525092	15.479033480536565	15.886693789857185	15.332617218556512	7.613889315813022	10.912979981503454	13.979023122735768	17.33264772730039	13.92549602660809	0.0
